Query,Max Possibel Papers,Number of Papers Retrieved,Recall (out of 21),Recall (journalArticels & other),Recall (preprints),Missing Articles,Missing Preprint
LLM and Survey,"39,399",150,4.76%,9.09%,0.00%,"AI–Human Hybrids for Marketing Research: Leveraging Large Language Models (LLMs) as Collaborators; Algorithmic Fidelity of Large Language Models in Generating Synthetic German Public Opinions: A Case Study; Extracting Affect Aggregates from Longitudinal Social Media Data with Temporal Adapters for Large Language Models; Knowledge of cultural moral norms in large language models; LLM-Based Doppelgänger Models: Leveraging Synthetic Data for Human-Like Responses in Survey Simulations; Out of One, Many: Using Language Models to Simulate Human Samples; Predicting Missing Values in Survey Data Using Prompt Engineering for Addressing Item Non-Response; Synthetic Voices: Evaluating the Fidelity of LLM-Generated Personas in Representing People’s Financial Wellbeing; The Potential and Challenges of Evaluating Attitudes, Opinions, and Values in Large Language Models; Vox Populi, Vox AI? Using Large Language Models to Estimate German Vote Choice",Addressing Systematic Non-response Bias with Supervised Fine-Tuning of Large Language Models: A Case Study on German Voting Behaviour; AI-Augmented Surveys: Leveraging Large Language Models and Surveys for Opinion Prediction; Are Large Language Models Chameleons? An Attempt to Simulate Social Surveys; Can Large Language Models Simulate Human Responses? A Case Study of Stated Preference Experiments in the Context of Heating-related Choices; Delving Into the Psychology of Machines: Exploring the Structure of Self-Regulated Learning via LLM-Generated Survey Responses; Donald Trumps in the Virtual Polls: Simulating and Predicting Public Opinions in Surveys Using Large Language Models; Examining the Feasibility of Large Language Models as Survey Respondents; More Parameters Than Populations: A Systematic Literature Review of Large Language Models within Survey Research; Questioning the Survey Responses of Large Language Models; Random Silicon Sampling: Simulating Human Sub-Population Opinion Using a Large Language Model Based on Group-Level Demographic Information
LLM and Survey and Methods,"4,787",150,0.00%,0.00%,0.00%,"AI–Human Hybrids for Marketing Research: Leveraging Large Language Models (LLMs) as Collaborators; Algorithmic Fidelity of Large Language Models in Generating Synthetic German Public Opinions: A Case Study; Extracting Affect Aggregates from Longitudinal Social Media Data with Temporal Adapters for Large Language Models; Knowledge of cultural moral norms in large language models; LLM-Based Doppelgänger Models: Leveraging Synthetic Data for Human-Like Responses in Survey Simulations; Out of One, Many: Using Language Models to Simulate Human Samples; Predicting Missing Values in Survey Data Using Prompt Engineering for Addressing Item Non-Response; Synthetic Replacements for Human Survey Data? The Perils of Large Language Models; Synthetic Voices: Evaluating the Fidelity of LLM-Generated Personas in Representing People’s Financial Wellbeing; The Potential and Challenges of Evaluating Attitudes, Opinions, and Values in Large Language Models; Vox Populi, Vox AI? Using Large Language Models to Estimate German Vote Choice",Addressing Systematic Non-response Bias with Supervised Fine-Tuning of Large Language Models: A Case Study on German Voting Behaviour; AI-Augmented Surveys: Leveraging Large Language Models and Surveys for Opinion Prediction; Are Large Language Models Chameleons? An Attempt to Simulate Social Surveys; Can Large Language Models Simulate Human Responses? A Case Study of Stated Preference Experiments in the Context of Heating-related Choices; Delving Into the Psychology of Machines: Exploring the Structure of Self-Regulated Learning via LLM-Generated Survey Responses; Donald Trumps in the Virtual Polls: Simulating and Predicting Public Opinions in Surveys Using Large Language Models; Examining the Feasibility of Large Language Models as Survey Respondents; More Parameters Than Populations: A Systematic Literature Review of Large Language Models within Survey Research; Questioning the Survey Responses of Large Language Models; Random Silicon Sampling: Simulating Human Sub-Population Opinion Using a Large Language Model Based on Group-Level Demographic Information
LLM and Simulation A,794,150,14.29%,27.27%,0.00%,"Algorithmic Fidelity of Large Language Models in Generating Synthetic German Public Opinions: A Case Study; Extracting Affect Aggregates from Longitudinal Social Media Data with Temporal Adapters for Large Language Models; Knowledge of cultural moral norms in large language models; LLM-Based Doppelgänger Models: Leveraging Synthetic Data for Human-Like Responses in Survey Simulations; Out of One, Many: Using Language Models to Simulate Human Samples; Synthetic Replacements for Human Survey Data? The Perils of Large Language Models; Synthetic Voices: Evaluating the Fidelity of LLM-Generated Personas in Representing People’s Financial Wellbeing; The Potential and Challenges of Evaluating Attitudes, Opinions, and Values in Large Language Models",Addressing Systematic Non-response Bias with Supervised Fine-Tuning of Large Language Models: A Case Study on German Voting Behaviour; AI-Augmented Surveys: Leveraging Large Language Models and Surveys for Opinion Prediction; Are Large Language Models Chameleons? An Attempt to Simulate Social Surveys; Can Large Language Models Simulate Human Responses? A Case Study of Stated Preference Experiments in the Context of Heating-related Choices; Delving Into the Psychology of Machines: Exploring the Structure of Self-Regulated Learning via LLM-Generated Survey Responses; Donald Trumps in the Virtual Polls: Simulating and Predicting Public Opinions in Surveys Using Large Language Models; Examining the Feasibility of Large Language Models as Survey Respondents; More Parameters Than Populations: A Systematic Literature Review of Large Language Models within Survey Research; Questioning the Survey Responses of Large Language Models; Random Silicon Sampling: Simulating Human Sub-Population Opinion Using a Large Language Model Based on Group-Level Demographic Information
LLM and Simulation B,"2,130",150,14.29%,27.27%,0.00%,"Algorithmic Fidelity of Large Language Models in Generating Synthetic German Public Opinions: A Case Study; Extracting Affect Aggregates from Longitudinal Social Media Data with Temporal Adapters for Large Language Models; Knowledge of cultural moral norms in large language models; LLM-Based Doppelgänger Models: Leveraging Synthetic Data for Human-Like Responses in Survey Simulations; Out of One, Many: Using Language Models to Simulate Human Samples; Synthetic Replacements for Human Survey Data? The Perils of Large Language Models; Synthetic Voices: Evaluating the Fidelity of LLM-Generated Personas in Representing People’s Financial Wellbeing; The Potential and Challenges of Evaluating Attitudes, Opinions, and Values in Large Language Models",Addressing Systematic Non-response Bias with Supervised Fine-Tuning of Large Language Models: A Case Study on German Voting Behaviour; AI-Augmented Surveys: Leveraging Large Language Models and Surveys for Opinion Prediction; Are Large Language Models Chameleons? An Attempt to Simulate Social Surveys; Can Large Language Models Simulate Human Responses? A Case Study of Stated Preference Experiments in the Context of Heating-related Choices; Delving Into the Psychology of Machines: Exploring the Structure of Self-Regulated Learning via LLM-Generated Survey Responses; Donald Trumps in the Virtual Polls: Simulating and Predicting Public Opinions in Surveys Using Large Language Models; Examining the Feasibility of Large Language Models as Survey Respondents; More Parameters Than Populations: A Systematic Literature Review of Large Language Models within Survey Research; Questioning the Survey Responses of Large Language Models; Random Silicon Sampling: Simulating Human Sub-Population Opinion Using a Large Language Model Based on Group-Level Demographic Information
LLM and Simulation C,"4,481",150,0.00%,0.00%,0.00%,"AI–Human Hybrids for Marketing Research: Leveraging Large Language Models (LLMs) as Collaborators; Algorithmic Fidelity of Large Language Models in Generating Synthetic German Public Opinions: A Case Study; Extracting Affect Aggregates from Longitudinal Social Media Data with Temporal Adapters for Large Language Models; Knowledge of cultural moral norms in large language models; LLM-Based Doppelgänger Models: Leveraging Synthetic Data for Human-Like Responses in Survey Simulations; Out of One, Many: Using Language Models to Simulate Human Samples; Predicting Missing Values in Survey Data Using Prompt Engineering for Addressing Item Non-Response; Synthetic Replacements for Human Survey Data? The Perils of Large Language Models; Synthetic Voices: Evaluating the Fidelity of LLM-Generated Personas in Representing People’s Financial Wellbeing; The Potential and Challenges of Evaluating Attitudes, Opinions, and Values in Large Language Models; Vox Populi, Vox AI? Using Large Language Models to Estimate German Vote Choice",Addressing Systematic Non-response Bias with Supervised Fine-Tuning of Large Language Models: A Case Study on German Voting Behaviour; AI-Augmented Surveys: Leveraging Large Language Models and Surveys for Opinion Prediction; Are Large Language Models Chameleons? An Attempt to Simulate Social Surveys; Can Large Language Models Simulate Human Responses? A Case Study of Stated Preference Experiments in the Context of Heating-related Choices; Delving Into the Psychology of Machines: Exploring the Structure of Self-Regulated Learning via LLM-Generated Survey Responses; Donald Trumps in the Virtual Polls: Simulating and Predicting Public Opinions in Surveys Using Large Language Models; Examining the Feasibility of Large Language Models as Survey Respondents; More Parameters Than Populations: A Systematic Literature Review of Large Language Models within Survey Research; Questioning the Survey Responses of Large Language Models; Random Silicon Sampling: Simulating Human Sub-Population Opinion Using a Large Language Model Based on Group-Level Demographic Information
LLM and Methods,"15,873",150,0.00%,0.00%,0.00%,"AI–Human Hybrids for Marketing Research: Leveraging Large Language Models (LLMs) as Collaborators; Algorithmic Fidelity of Large Language Models in Generating Synthetic German Public Opinions: A Case Study; Extracting Affect Aggregates from Longitudinal Social Media Data with Temporal Adapters for Large Language Models; Knowledge of cultural moral norms in large language models; LLM-Based Doppelgänger Models: Leveraging Synthetic Data for Human-Like Responses in Survey Simulations; Out of One, Many: Using Language Models to Simulate Human Samples; Predicting Missing Values in Survey Data Using Prompt Engineering for Addressing Item Non-Response; Synthetic Replacements for Human Survey Data? The Perils of Large Language Models; Synthetic Voices: Evaluating the Fidelity of LLM-Generated Personas in Representing People’s Financial Wellbeing; The Potential and Challenges of Evaluating Attitudes, Opinions, and Values in Large Language Models; Vox Populi, Vox AI? Using Large Language Models to Estimate German Vote Choice",Addressing Systematic Non-response Bias with Supervised Fine-Tuning of Large Language Models: A Case Study on German Voting Behaviour; AI-Augmented Surveys: Leveraging Large Language Models and Surveys for Opinion Prediction; Are Large Language Models Chameleons? An Attempt to Simulate Social Surveys; Can Large Language Models Simulate Human Responses? A Case Study of Stated Preference Experiments in the Context of Heating-related Choices; Delving Into the Psychology of Machines: Exploring the Structure of Self-Regulated Learning via LLM-Generated Survey Responses; Donald Trumps in the Virtual Polls: Simulating and Predicting Public Opinions in Surveys Using Large Language Models; Examining the Feasibility of Large Language Models as Survey Respondents; More Parameters Than Populations: A Systematic Literature Review of Large Language Models within Survey Research; Questioning the Survey Responses of Large Language Models; Random Silicon Sampling: Simulating Human Sub-Population Opinion Using a Large Language Model Based on Group-Level Demographic Information
LLM and Survey and Simulation A,427,150,14.29%,27.27%,0.00%,"Algorithmic Fidelity of Large Language Models in Generating Synthetic German Public Opinions: A Case Study; Extracting Affect Aggregates from Longitudinal Social Media Data with Temporal Adapters for Large Language Models; Knowledge of cultural moral norms in large language models; LLM-Based Doppelgänger Models: Leveraging Synthetic Data for Human-Like Responses in Survey Simulations; Out of One, Many: Using Language Models to Simulate Human Samples; Synthetic Replacements for Human Survey Data? The Perils of Large Language Models; Synthetic Voices: Evaluating the Fidelity of LLM-Generated Personas in Representing People’s Financial Wellbeing; The Potential and Challenges of Evaluating Attitudes, Opinions, and Values in Large Language Models",Addressing Systematic Non-response Bias with Supervised Fine-Tuning of Large Language Models: A Case Study on German Voting Behaviour; AI-Augmented Surveys: Leveraging Large Language Models and Surveys for Opinion Prediction; Are Large Language Models Chameleons? An Attempt to Simulate Social Surveys; Can Large Language Models Simulate Human Responses? A Case Study of Stated Preference Experiments in the Context of Heating-related Choices; Delving Into the Psychology of Machines: Exploring the Structure of Self-Regulated Learning via LLM-Generated Survey Responses; Donald Trumps in the Virtual Polls: Simulating and Predicting Public Opinions in Surveys Using Large Language Models; Examining the Feasibility of Large Language Models as Survey Respondents; More Parameters Than Populations: A Systematic Literature Review of Large Language Models within Survey Research; Questioning the Survey Responses of Large Language Models; Random Silicon Sampling: Simulating Human Sub-Population Opinion Using a Large Language Model Based on Group-Level Demographic Information
LLM and Survey and Simulation B,"1,643",150,14.29%,27.27%,0.00%,"Algorithmic Fidelity of Large Language Models in Generating Synthetic German Public Opinions: A Case Study; Extracting Affect Aggregates from Longitudinal Social Media Data with Temporal Adapters for Large Language Models; Knowledge of cultural moral norms in large language models; LLM-Based Doppelgänger Models: Leveraging Synthetic Data for Human-Like Responses in Survey Simulations; Out of One, Many: Using Language Models to Simulate Human Samples; Synthetic Replacements for Human Survey Data? The Perils of Large Language Models; Synthetic Voices: Evaluating the Fidelity of LLM-Generated Personas in Representing People’s Financial Wellbeing; The Potential and Challenges of Evaluating Attitudes, Opinions, and Values in Large Language Models",Addressing Systematic Non-response Bias with Supervised Fine-Tuning of Large Language Models: A Case Study on German Voting Behaviour; AI-Augmented Surveys: Leveraging Large Language Models and Surveys for Opinion Prediction; Are Large Language Models Chameleons? An Attempt to Simulate Social Surveys; Can Large Language Models Simulate Human Responses? A Case Study of Stated Preference Experiments in the Context of Heating-related Choices; Delving Into the Psychology of Machines: Exploring the Structure of Self-Regulated Learning via LLM-Generated Survey Responses; Donald Trumps in the Virtual Polls: Simulating and Predicting Public Opinions in Surveys Using Large Language Models; Examining the Feasibility of Large Language Models as Survey Respondents; More Parameters Than Populations: A Systematic Literature Review of Large Language Models within Survey Research; Questioning the Survey Responses of Large Language Models; Random Silicon Sampling: Simulating Human Sub-Population Opinion Using a Large Language Model Based on Group-Level Demographic Information
LLM and Survey and Simulation C,"1,689",150,4.76%,9.09%,0.00%,"AI–Human Hybrids for Marketing Research: Leveraging Large Language Models (LLMs) as Collaborators; Algorithmic Fidelity of Large Language Models in Generating Synthetic German Public Opinions: A Case Study; Extracting Affect Aggregates from Longitudinal Social Media Data with Temporal Adapters for Large Language Models; Knowledge of cultural moral norms in large language models; LLM-Based Doppelgänger Models: Leveraging Synthetic Data for Human-Like Responses in Survey Simulations; Out of One, Many: Using Language Models to Simulate Human Samples; Predicting Missing Values in Survey Data Using Prompt Engineering for Addressing Item Non-Response; Synthetic Voices: Evaluating the Fidelity of LLM-Generated Personas in Representing People’s Financial Wellbeing; The Potential and Challenges of Evaluating Attitudes, Opinions, and Values in Large Language Models; Vox Populi, Vox AI? Using Large Language Models to Estimate German Vote Choice",Addressing Systematic Non-response Bias with Supervised Fine-Tuning of Large Language Models: A Case Study on German Voting Behaviour; AI-Augmented Surveys: Leveraging Large Language Models and Surveys for Opinion Prediction; Are Large Language Models Chameleons? An Attempt to Simulate Social Surveys; Can Large Language Models Simulate Human Responses? A Case Study of Stated Preference Experiments in the Context of Heating-related Choices; Delving Into the Psychology of Machines: Exploring the Structure of Self-Regulated Learning via LLM-Generated Survey Responses; Donald Trumps in the Virtual Polls: Simulating and Predicting Public Opinions in Surveys Using Large Language Models; Examining the Feasibility of Large Language Models as Survey Respondents; More Parameters Than Populations: A Systematic Literature Review of Large Language Models within Survey Research; Questioning the Survey Responses of Large Language Models; Random Silicon Sampling: Simulating Human Sub-Population Opinion Using a Large Language Model Based on Group-Level Demographic Information
LLM and Simulation A and Methods,157,150,14.29%,27.27%,0.00%,"Algorithmic Fidelity of Large Language Models in Generating Synthetic German Public Opinions: A Case Study; Extracting Affect Aggregates from Longitudinal Social Media Data with Temporal Adapters for Large Language Models; Knowledge of cultural moral norms in large language models; LLM-Based Doppelgänger Models: Leveraging Synthetic Data for Human-Like Responses in Survey Simulations; Out of One, Many: Using Language Models to Simulate Human Samples; Synthetic Replacements for Human Survey Data? The Perils of Large Language Models; Synthetic Voices: Evaluating the Fidelity of LLM-Generated Personas in Representing People’s Financial Wellbeing; The Potential and Challenges of Evaluating Attitudes, Opinions, and Values in Large Language Models",Addressing Systematic Non-response Bias with Supervised Fine-Tuning of Large Language Models: A Case Study on German Voting Behaviour; AI-Augmented Surveys: Leveraging Large Language Models and Surveys for Opinion Prediction; Are Large Language Models Chameleons? An Attempt to Simulate Social Surveys; Can Large Language Models Simulate Human Responses? A Case Study of Stated Preference Experiments in the Context of Heating-related Choices; Delving Into the Psychology of Machines: Exploring the Structure of Self-Regulated Learning via LLM-Generated Survey Responses; Donald Trumps in the Virtual Polls: Simulating and Predicting Public Opinions in Surveys Using Large Language Models; Examining the Feasibility of Large Language Models as Survey Respondents; More Parameters Than Populations: A Systematic Literature Review of Large Language Models within Survey Research; Questioning the Survey Responses of Large Language Models; Random Silicon Sampling: Simulating Human Sub-Population Opinion Using a Large Language Model Based on Group-Level Demographic Information
LLM and Simulation B and Methods,315,150,19.05%,36.36%,0.00%,"Algorithmic Fidelity of Large Language Models in Generating Synthetic German Public Opinions: A Case Study; Extracting Affect Aggregates from Longitudinal Social Media Data with Temporal Adapters for Large Language Models; LLM-Based Doppelgänger Models: Leveraging Synthetic Data for Human-Like Responses in Survey Simulations; Out of One, Many: Using Language Models to Simulate Human Samples; Synthetic Replacements for Human Survey Data? The Perils of Large Language Models; Synthetic Voices: Evaluating the Fidelity of LLM-Generated Personas in Representing People’s Financial Wellbeing; The Potential and Challenges of Evaluating Attitudes, Opinions, and Values in Large Language Models",Addressing Systematic Non-response Bias with Supervised Fine-Tuning of Large Language Models: A Case Study on German Voting Behaviour; AI-Augmented Surveys: Leveraging Large Language Models and Surveys for Opinion Prediction; Are Large Language Models Chameleons? An Attempt to Simulate Social Surveys; Can Large Language Models Simulate Human Responses? A Case Study of Stated Preference Experiments in the Context of Heating-related Choices; Delving Into the Psychology of Machines: Exploring the Structure of Self-Regulated Learning via LLM-Generated Survey Responses; Donald Trumps in the Virtual Polls: Simulating and Predicting Public Opinions in Surveys Using Large Language Models; Examining the Feasibility of Large Language Models as Survey Respondents; More Parameters Than Populations: A Systematic Literature Review of Large Language Models within Survey Research; Questioning the Survey Responses of Large Language Models; Random Silicon Sampling: Simulating Human Sub-Population Opinion Using a Large Language Model Based on Group-Level Demographic Information
LLM and Simulation C and Methods,"1,353",150,0.00%,0.00%,0.00%,"AI–Human Hybrids for Marketing Research: Leveraging Large Language Models (LLMs) as Collaborators; Algorithmic Fidelity of Large Language Models in Generating Synthetic German Public Opinions: A Case Study; Extracting Affect Aggregates from Longitudinal Social Media Data with Temporal Adapters for Large Language Models; Knowledge of cultural moral norms in large language models; LLM-Based Doppelgänger Models: Leveraging Synthetic Data for Human-Like Responses in Survey Simulations; Out of One, Many: Using Language Models to Simulate Human Samples; Predicting Missing Values in Survey Data Using Prompt Engineering for Addressing Item Non-Response; Synthetic Replacements for Human Survey Data? The Perils of Large Language Models; Synthetic Voices: Evaluating the Fidelity of LLM-Generated Personas in Representing People’s Financial Wellbeing; The Potential and Challenges of Evaluating Attitudes, Opinions, and Values in Large Language Models; Vox Populi, Vox AI? Using Large Language Models to Estimate German Vote Choice",Addressing Systematic Non-response Bias with Supervised Fine-Tuning of Large Language Models: A Case Study on German Voting Behaviour; AI-Augmented Surveys: Leveraging Large Language Models and Surveys for Opinion Prediction; Are Large Language Models Chameleons? An Attempt to Simulate Social Surveys; Can Large Language Models Simulate Human Responses? A Case Study of Stated Preference Experiments in the Context of Heating-related Choices; Delving Into the Psychology of Machines: Exploring the Structure of Self-Regulated Learning via LLM-Generated Survey Responses; Donald Trumps in the Virtual Polls: Simulating and Predicting Public Opinions in Surveys Using Large Language Models; Examining the Feasibility of Large Language Models as Survey Respondents; More Parameters Than Populations: A Systematic Literature Review of Large Language Models within Survey Research; Questioning the Survey Responses of Large Language Models; Random Silicon Sampling: Simulating Human Sub-Population Opinion Using a Large Language Model Based on Group-Level Demographic Information
LLM+Survey OR LLM+Simulation A,"39,766",150,14.29%,27.27%,0.00%,"Algorithmic Fidelity of Large Language Models in Generating Synthetic German Public Opinions: A Case Study; Extracting Affect Aggregates from Longitudinal Social Media Data with Temporal Adapters for Large Language Models; Knowledge of cultural moral norms in large language models; LLM-Based Doppelgänger Models: Leveraging Synthetic Data for Human-Like Responses in Survey Simulations; Out of One, Many: Using Language Models to Simulate Human Samples; Synthetic Replacements for Human Survey Data? The Perils of Large Language Models; Synthetic Voices: Evaluating the Fidelity of LLM-Generated Personas in Representing People’s Financial Wellbeing; The Potential and Challenges of Evaluating Attitudes, Opinions, and Values in Large Language Models",Addressing Systematic Non-response Bias with Supervised Fine-Tuning of Large Language Models: A Case Study on German Voting Behaviour; AI-Augmented Surveys: Leveraging Large Language Models and Surveys for Opinion Prediction; Are Large Language Models Chameleons? An Attempt to Simulate Social Surveys; Can Large Language Models Simulate Human Responses? A Case Study of Stated Preference Experiments in the Context of Heating-related Choices; Delving Into the Psychology of Machines: Exploring the Structure of Self-Regulated Learning via LLM-Generated Survey Responses; Donald Trumps in the Virtual Polls: Simulating and Predicting Public Opinions in Surveys Using Large Language Models; Examining the Feasibility of Large Language Models as Survey Respondents; More Parameters Than Populations: A Systematic Literature Review of Large Language Models within Survey Research; Questioning the Survey Responses of Large Language Models; Random Silicon Sampling: Simulating Human Sub-Population Opinion Using a Large Language Model Based on Group-Level Demographic Information
LLM+Survey OR LLM+Simulation B,"39,886",150,14.29%,27.27%,0.00%,"Algorithmic Fidelity of Large Language Models in Generating Synthetic German Public Opinions: A Case Study; Extracting Affect Aggregates from Longitudinal Social Media Data with Temporal Adapters for Large Language Models; Knowledge of cultural moral norms in large language models; LLM-Based Doppelgänger Models: Leveraging Synthetic Data for Human-Like Responses in Survey Simulations; Out of One, Many: Using Language Models to Simulate Human Samples; Synthetic Replacements for Human Survey Data? The Perils of Large Language Models; Synthetic Voices: Evaluating the Fidelity of LLM-Generated Personas in Representing People’s Financial Wellbeing; The Potential and Challenges of Evaluating Attitudes, Opinions, and Values in Large Language Models",Addressing Systematic Non-response Bias with Supervised Fine-Tuning of Large Language Models: A Case Study on German Voting Behaviour; AI-Augmented Surveys: Leveraging Large Language Models and Surveys for Opinion Prediction; Are Large Language Models Chameleons? An Attempt to Simulate Social Surveys; Can Large Language Models Simulate Human Responses? A Case Study of Stated Preference Experiments in the Context of Heating-related Choices; Delving Into the Psychology of Machines: Exploring the Structure of Self-Regulated Learning via LLM-Generated Survey Responses; Donald Trumps in the Virtual Polls: Simulating and Predicting Public Opinions in Surveys Using Large Language Models; Examining the Feasibility of Large Language Models as Survey Respondents; More Parameters Than Populations: A Systematic Literature Review of Large Language Models within Survey Research; Questioning the Survey Responses of Large Language Models; Random Silicon Sampling: Simulating Human Sub-Population Opinion Using a Large Language Model Based on Group-Level Demographic Information
LLM+Survey OR LLM+Simulation C,"42,191",150,4.76%,9.09%,0.00%,"AI–Human Hybrids for Marketing Research: Leveraging Large Language Models (LLMs) as Collaborators; Algorithmic Fidelity of Large Language Models in Generating Synthetic German Public Opinions: A Case Study; Extracting Affect Aggregates from Longitudinal Social Media Data with Temporal Adapters for Large Language Models; Knowledge of cultural moral norms in large language models; LLM-Based Doppelgänger Models: Leveraging Synthetic Data for Human-Like Responses in Survey Simulations; Out of One, Many: Using Language Models to Simulate Human Samples; Predicting Missing Values in Survey Data Using Prompt Engineering for Addressing Item Non-Response; Synthetic Voices: Evaluating the Fidelity of LLM-Generated Personas in Representing People’s Financial Wellbeing; The Potential and Challenges of Evaluating Attitudes, Opinions, and Values in Large Language Models; Vox Populi, Vox AI? Using Large Language Models to Estimate German Vote Choice",Addressing Systematic Non-response Bias with Supervised Fine-Tuning of Large Language Models: A Case Study on German Voting Behaviour; AI-Augmented Surveys: Leveraging Large Language Models and Surveys for Opinion Prediction; Are Large Language Models Chameleons? An Attempt to Simulate Social Surveys; Can Large Language Models Simulate Human Responses? A Case Study of Stated Preference Experiments in the Context of Heating-related Choices; Delving Into the Psychology of Machines: Exploring the Structure of Self-Regulated Learning via LLM-Generated Survey Responses; Donald Trumps in the Virtual Polls: Simulating and Predicting Public Opinions in Surveys Using Large Language Models; Examining the Feasibility of Large Language Models as Survey Respondents; More Parameters Than Populations: A Systematic Literature Review of Large Language Models within Survey Research; Questioning the Survey Responses of Large Language Models; Random Silicon Sampling: Simulating Human Sub-Population Opinion Using a Large Language Model Based on Group-Level Demographic Information
Survey and Simulation A,"149,976",150,0.00%,0.00%,0.00%,"AI–Human Hybrids for Marketing Research: Leveraging Large Language Models (LLMs) as Collaborators; Algorithmic Fidelity of Large Language Models in Generating Synthetic German Public Opinions: A Case Study; Extracting Affect Aggregates from Longitudinal Social Media Data with Temporal Adapters for Large Language Models; Knowledge of cultural moral norms in large language models; LLM-Based Doppelgänger Models: Leveraging Synthetic Data for Human-Like Responses in Survey Simulations; Out of One, Many: Using Language Models to Simulate Human Samples; Predicting Missing Values in Survey Data Using Prompt Engineering for Addressing Item Non-Response; Synthetic Replacements for Human Survey Data? The Perils of Large Language Models; Synthetic Voices: Evaluating the Fidelity of LLM-Generated Personas in Representing People’s Financial Wellbeing; The Potential and Challenges of Evaluating Attitudes, Opinions, and Values in Large Language Models; Vox Populi, Vox AI? Using Large Language Models to Estimate German Vote Choice",Addressing Systematic Non-response Bias with Supervised Fine-Tuning of Large Language Models: A Case Study on German Voting Behaviour; AI-Augmented Surveys: Leveraging Large Language Models and Surveys for Opinion Prediction; Are Large Language Models Chameleons? An Attempt to Simulate Social Surveys; Can Large Language Models Simulate Human Responses? A Case Study of Stated Preference Experiments in the Context of Heating-related Choices; Delving Into the Psychology of Machines: Exploring the Structure of Self-Regulated Learning via LLM-Generated Survey Responses; Donald Trumps in the Virtual Polls: Simulating and Predicting Public Opinions in Surveys Using Large Language Models; Examining the Feasibility of Large Language Models as Survey Respondents; More Parameters Than Populations: A Systematic Literature Review of Large Language Models within Survey Research; Questioning the Survey Responses of Large Language Models; Random Silicon Sampling: Simulating Human Sub-Population Opinion Using a Large Language Model Based on Group-Level Demographic Information
Survey and Simulation B,"753,857",150,0.00%,0.00%,0.00%,"AI–Human Hybrids for Marketing Research: Leveraging Large Language Models (LLMs) as Collaborators; Algorithmic Fidelity of Large Language Models in Generating Synthetic German Public Opinions: A Case Study; Extracting Affect Aggregates from Longitudinal Social Media Data with Temporal Adapters for Large Language Models; Knowledge of cultural moral norms in large language models; LLM-Based Doppelgänger Models: Leveraging Synthetic Data for Human-Like Responses in Survey Simulations; Out of One, Many: Using Language Models to Simulate Human Samples; Predicting Missing Values in Survey Data Using Prompt Engineering for Addressing Item Non-Response; Synthetic Replacements for Human Survey Data? The Perils of Large Language Models; Synthetic Voices: Evaluating the Fidelity of LLM-Generated Personas in Representing People’s Financial Wellbeing; The Potential and Challenges of Evaluating Attitudes, Opinions, and Values in Large Language Models; Vox Populi, Vox AI? Using Large Language Models to Estimate German Vote Choice",Addressing Systematic Non-response Bias with Supervised Fine-Tuning of Large Language Models: A Case Study on German Voting Behaviour; AI-Augmented Surveys: Leveraging Large Language Models and Surveys for Opinion Prediction; Are Large Language Models Chameleons? An Attempt to Simulate Social Surveys; Can Large Language Models Simulate Human Responses? A Case Study of Stated Preference Experiments in the Context of Heating-related Choices; Delving Into the Psychology of Machines: Exploring the Structure of Self-Regulated Learning via LLM-Generated Survey Responses; Donald Trumps in the Virtual Polls: Simulating and Predicting Public Opinions in Surveys Using Large Language Models; Examining the Feasibility of Large Language Models as Survey Respondents; More Parameters Than Populations: A Systematic Literature Review of Large Language Models within Survey Research; Questioning the Survey Responses of Large Language Models; Random Silicon Sampling: Simulating Human Sub-Population Opinion Using a Large Language Model Based on Group-Level Demographic Information
Survey and Simulation C,"477,271",150,0.00%,0.00%,0.00%,"AI–Human Hybrids for Marketing Research: Leveraging Large Language Models (LLMs) as Collaborators; Algorithmic Fidelity of Large Language Models in Generating Synthetic German Public Opinions: A Case Study; Extracting Affect Aggregates from Longitudinal Social Media Data with Temporal Adapters for Large Language Models; Knowledge of cultural moral norms in large language models; LLM-Based Doppelgänger Models: Leveraging Synthetic Data for Human-Like Responses in Survey Simulations; Out of One, Many: Using Language Models to Simulate Human Samples; Predicting Missing Values in Survey Data Using Prompt Engineering for Addressing Item Non-Response; Synthetic Replacements for Human Survey Data? The Perils of Large Language Models; Synthetic Voices: Evaluating the Fidelity of LLM-Generated Personas in Representing People’s Financial Wellbeing; The Potential and Challenges of Evaluating Attitudes, Opinions, and Values in Large Language Models; Vox Populi, Vox AI? Using Large Language Models to Estimate German Vote Choice",Addressing Systematic Non-response Bias with Supervised Fine-Tuning of Large Language Models: A Case Study on German Voting Behaviour; AI-Augmented Surveys: Leveraging Large Language Models and Surveys for Opinion Prediction; Are Large Language Models Chameleons? An Attempt to Simulate Social Surveys; Can Large Language Models Simulate Human Responses? A Case Study of Stated Preference Experiments in the Context of Heating-related Choices; Delving Into the Psychology of Machines: Exploring the Structure of Self-Regulated Learning via LLM-Generated Survey Responses; Donald Trumps in the Virtual Polls: Simulating and Predicting Public Opinions in Surveys Using Large Language Models; Examining the Feasibility of Large Language Models as Survey Respondents; More Parameters Than Populations: A Systematic Literature Review of Large Language Models within Survey Research; Questioning the Survey Responses of Large Language Models; Random Silicon Sampling: Simulating Human Sub-Population Opinion Using a Large Language Model Based on Group-Level Demographic Information
,,,,100.00%,,,
,,,,,,,
,"212,478",,,,,,
,"45,020",,,,,,
